{"cameraMode":{"drawMode":0,"name":"Shaded","section":"Shading Mode"},"sceneLighting":false,"audioPlay":false,"sceneViewState":{"showFog":true,"showMaterialUpdate":false,"showSkybox":false,"showFlares":true,"showImageEffects":true,"showParticleSystems":true},"in2DMode":false,"pivot":{"x":-0.12236808240413666,"y":0.007302466779947281,"z":0.16407617926597596},"rotation":{"x":-0.11226360499858856,"y":0.3627624213695526,"z":-0.04407269135117531,"w":-0.9240530133247376},"size":14.08137321472168,"orthographic":false}