{"cameraMode":{"drawMode":0,"name":"Shaded","section":"Shading Mode"},"sceneLighting":false,"audioPlay":false,"sceneViewState":{"showFog":true,"showMaterialUpdate":false,"showSkybox":false,"showFlares":true,"showImageEffects":true,"showParticleSystems":true},"in2DMode":false,"pivot":{"x":7.068999767303467,"y":2.114000082015991,"z":0.48399996757507326},"rotation":{"x":-0.07589650899171829,"y":0.7518096566200256,"z":-0.08790531009435654,"w":-0.6490883827209473},"size":0.2857886552810669,"orthographic":false}