{"cameraMode":{"drawMode":0,"name":"Shaded","section":"Shading Mode"},"sceneLighting":false,"audioPlay":false,"sceneViewState":{"showFog":true,"showMaterialUpdate":false,"showSkybox":false,"showFlares":true,"showImageEffects":true,"showParticleSystems":true},"in2DMode":false,"pivot":{"x":0.15159162878990174,"y":0.5279078483581543,"z":-0.01183079183101654},"rotation":{"x":-0.19489943981170655,"y":0.4987177848815918,"z":-0.11619286239147186,"w":-0.8365491032600403},"size":0.37096524238586428,"orthographic":false}