{"cameraMode":{"drawMode":0,"name":"Shaded","section":"Shading Mode"},"sceneLighting":false,"audioPlay":false,"sceneViewState":{"showFog":true,"showMaterialUpdate":false,"showSkybox":false,"showFlares":true,"showImageEffects":true,"showParticleSystems":true},"in2DMode":false,"pivot":{"x":7.068999767303467,"y":2.114000082015991,"z":0.48399996757507326},"rotation":{"x":0.12208174914121628,"y":0.6571657061576843,"z":-0.1090020090341568,"w":0.7357955574989319},"size":0.2857886552810669,"orthographic":false}