{"cameraMode":{"drawMode":0,"name":"Shaded","section":"Shading Mode"},"sceneLighting":false,"audioPlay":false,"sceneViewState":{"showFog":true,"showMaterialUpdate":false,"showSkybox":false,"showFlares":true,"showImageEffects":true,"showParticleSystems":true},"in2DMode":false,"pivot":{"x":0.007591636851429939,"y":-12.833623886108399,"z":-6.895057201385498},"rotation":{"x":-0.3811147212982178,"y":0.6074339747428894,"z":-0.41156724095344546,"w":-0.5624884963035584},"size":0.3709664046764374,"orthographic":false}