{"cameraMode":{"drawMode":0,"name":"Shaded","section":"Shading Mode"},"sceneLighting":false,"audioPlay":false,"sceneViewState":{"showFog":true,"showMaterialUpdate":false,"showSkybox":false,"showFlares":true,"showImageEffects":true,"showParticleSystems":true},"in2DMode":false,"pivot":{"x":0.007591636851429939,"y":0.06990779936313629,"z":-0.01183079183101654},"rotation":{"x":-0.21045376360416413,"y":0.7678923606872559,"z":-0.3116132915019989,"w":-0.5186063051223755},"size":0.3709651231765747,"orthographic":false}