{"cameraMode":{"drawMode":0,"name":"Shaded","section":"Shading Mode"},"sceneLighting":false,"audioPlay":false,"sceneViewState":{"showFog":true,"showMaterialUpdate":false,"showSkybox":false,"showFlares":true,"showImageEffects":true,"showParticleSystems":true},"in2DMode":false,"pivot":{"x":7.068999767303467,"y":2.114000082015991,"z":0.48399999737739565},"rotation":{"x":0.2379361391067505,"y":0.4027884304523468,"z":-0.1092456802725792,"w":0.8770752549171448},"size":0.14289456605911256,"orthographic":false}