{"cameraMode":{"drawMode":0,"name":"Shaded","section":"Shading Mode"},"sceneLighting":false,"audioPlay":false,"sceneViewState":{"showFog":true,"showMaterialUpdate":false,"showSkybox":false,"showFlares":true,"showImageEffects":true,"showParticleSystems":true},"in2DMode":false,"pivot":{"x":0.015527722425758839,"y":0.15482506155967713,"z":-0.17509958148002625},"rotation":{"x":-0.19489943981170655,"y":0.4987177848815918,"z":-0.11619286239147186,"w":-0.8365491032600403},"size":1.1212811470031739,"orthographic":false}