{"cameraMode":{"drawMode":0,"name":"Shaded","section":"Shading Mode"},"sceneLighting":false,"audioPlay":false,"sceneViewState":{"showFog":true,"showMaterialUpdate":false,"showSkybox":false,"showFlares":true,"showImageEffects":true,"showParticleSystems":true},"in2DMode":false,"pivot":{"x":0.22811651229858399,"y":0.0,"z":1.858320713043213},"rotation":{"x":0.007795148063451052,"y":0.9912844896316528,"z":0.11259400844573975,"w":-0.06821300089359284},"size":2.3334522247314455,"orthographic":false}