{"cameraMode":{"drawMode":0,"name":"Shaded","section":"Shading Mode"},"sceneLighting":false,"audioPlay":false,"sceneViewState":{"showFog":true,"showMaterialUpdate":false,"showSkybox":false,"showFlares":true,"showImageEffects":true,"showParticleSystems":true},"in2DMode":false,"pivot":{"x":3.725290298461914e-9,"y":0.01997949555516243,"z":0.002628013491630554},"rotation":{"x":-0.2481912076473236,"y":-0.40325871109962466,"z":0.11460452526807785,"w":-0.8733013272285461},"size":0.4671424627304077,"orthographic":false}