{"cameraMode":{"drawMode":0,"name":"Shaded","section":"Shading Mode"},"sceneLighting":false,"audioPlay":false,"sceneViewState":{"showFog":true,"showMaterialUpdate":false,"showSkybox":false,"showFlares":true,"showImageEffects":true,"showParticleSystems":true},"in2DMode":false,"pivot":{"x":7.068999767303467,"y":2.114000082015991,"z":0.48399996757507326},"rotation":{"x":0.20774537324905396,"y":0.20085404813289643,"z":-0.04361771419644356,"w":0.9563673734664917},"size":0.2857886552810669,"orthographic":false}