{"cameraMode":{"drawMode":0,"name":"Shaded","section":"Shading Mode"},"sceneLighting":true,"audioPlay":false,"sceneViewState":{"showFog":true,"showMaterialUpdate":false,"showSkybox":false,"showFlares":true,"showImageEffects":true,"showParticleSystems":true},"in2DMode":false,"pivot":{"x":-0.42160892486572268,"y":5.456709861755371,"z":-2.0022127628326418},"rotation":{"x":-0.1834196150302887,"y":-0.39598140120506289,"z":0.08105079084634781,"w":-0.8960987329483032},"size":10.01085090637207,"orthographic":false}